{
  "target_sensitivity_for_threshold": 0.9,
  "threshold_selected_on": "dev_val",
  "threshold_applied_to_test": 0.5309409244640241,
  "meta_model_type": "logistic",
  "meta_model_path": "/Users/jeffreyilagan/Desktop/Final Thesis Program/metalearner_output/meta_learner.joblib",
  "meta_model_coefficients": {
    "densenet_proba": 3.2569843376163035,
    "mobilenet_proba": 1.433849299847023,
    "effnet_proba": 2.932832795751138
  },
  "meta_model_intercept": -3.7172734285074007,
  "model_contributions": [
    {
      "model": "DenseNet",
      "coefficient": 3.2569843376163035,
      "abs_coefficient": 3.2569843376163035,
      "contribution_percent": 42.72202051530499
    },
    {
      "model": "MobileNet",
      "coefficient": 1.433849299847023,
      "abs_coefficient": 1.433849299847023,
      "contribution_percent": 18.807870365367634
    },
    {
      "model": "EfficientNet",
      "coefficient": 2.932832795751138,
      "abs_coefficient": 2.932832795751138,
      "contribution_percent": 38.47010911932738
    }
  ],
  "interpretation_note": "Model contribution percentages are derived from absolute LogisticRegression coefficients and indicate global weighting behavior of the meta-learner. Per-image contributions are approximate logit contributions computed as coefficient \u00d7 base-model probability.",
  "dev_val": {
    "n_samples": 400,
    "ensemble_metrics": {
      "threshold": 0.5309409244640241,
      "accuracy": 0.925,
      "sensitivity": 0.905,
      "recall": 0.905,
      "specificity": 0.945,
      "precision": 0.9427083333333334,
      "f1": 0.923469387755102,
      "auc": 0.9781000000000001,
      "confusion_matrix": [
        [
          189,
          11
        ],
        [
          19,
          181
        ]
      ],
      "tn": 189,
      "fp": 11,
      "fn": 19,
      "tp": 181
    },
    "metrics": {
      "densenet": {
        "threshold": 0.4623512625694275,
        "accuracy": 0.9175,
        "sensitivity": 0.9,
        "recall": 0.9,
        "specificity": 0.935,
        "precision": 0.9326424870466321,
        "f1": 0.916030534351145,
        "auc": 0.9716,
        "confusion_matrix": [
          [
            187,
            13
          ],
          [
            20,
            180
          ]
        ],
        "tn": 187,
        "fp": 13,
        "fn": 20,
        "tp": 180
      },
      "mobilenet": {
        "threshold": 0.699948251247406,
        "accuracy": 0.8775,
        "sensitivity": 0.9,
        "recall": 0.9,
        "specificity": 0.855,
        "precision": 0.861244019138756,
        "f1": 0.8801955990220048,
        "auc": 0.9456,
        "confusion_matrix": [
          [
            171,
            29
          ],
          [
            20,
            180
          ]
        ],
        "tn": 171,
        "fp": 29,
        "fn": 20,
        "tp": 180
      },
      "efficientnet": {
        "threshold": 0.4023432433605194,
        "accuracy": 0.91,
        "sensitivity": 0.915,
        "recall": 0.915,
        "specificity": 0.905,
        "precision": 0.905940594059406,
        "f1": 0.9104477611940298,
        "auc": 0.9712,
        "confusion_matrix": [
          [
            181,
            19
          ],
          [
            17,
            183
          ]
        ],
        "tn": 181,
        "fp": 19,
        "fn": 17,
        "tp": 183
      },
      "ensemble": {
        "threshold": 0.5309409244640241,
        "accuracy": 0.925,
        "sensitivity": 0.905,
        "recall": 0.905,
        "specificity": 0.945,
        "precision": 0.9427083333333334,
        "f1": 0.923469387755102,
        "auc": 0.9781000000000001,
        "confusion_matrix": [
          [
            189,
            11
          ],
          [
            19,
            181
          ]
        ],
        "tn": 189,
        "fp": 11,
        "fn": 19,
        "tp": 181
      }
    }
  },
  "test": {
    "n_samples": 501,
    "ensemble_metrics": {
      "threshold": 0.5309409244640241,
      "accuracy": 0.9101796407185628,
      "sensitivity": 0.8844621513944223,
      "recall": 0.8844621513944223,
      "specificity": 0.936,
      "precision": 0.9327731092436975,
      "f1": 0.9079754601226994,
      "auc": 0.968191235059761,
      "confusion_matrix": [
        [
          234,
          16
        ],
        [
          29,
          222
        ]
      ],
      "tn": 234,
      "fp": 16,
      "fn": 29,
      "tp": 222
    },
    "note": "Meta-learner and threshold are fixed from dev_val; no refit and no threshold tuning on test."
  },
  "test_eval_skipped": false
}